image,keypoint,gt_x,gt_y,pred_x,pred_y,euclidean_error
DSC02819_08032023152704.jpg,snout,1923.5,573.2,1935.45102058573,580.9908380948805,14.26618558904877
DSC02819_08032023152704.jpg,caudalmid,331.3,627.8,384.2653518027448,624.5005878025131,53.068018734803424
DSC02819_08032023152704.jpg,dorsal,1121.9,415.1,1130.1975453153573,422.6336758523912,11.207387300763187
DSC02819_08032023152704.jpg,pelvic,1258.3,835.7,1256.2307804188831,831.2456699093536,4.9114892070853005
DSC02819_08032023152704.jpg,nape,1818.9,506.8,1815.0821036480847,503.1452817078016,5.285196150503624
DSC02819_08032023152704.jpg,jaw,1834.6,738.3,1827.5407425900726,739.4862578803941,7.1582346244315875
DSC02819_08032023152704.jpg,tailtop,439.6,533.1,469.51571931230274,529.8146571675979,30.095576743084642
DSC02819_08032023152704.jpg,tailbottom,449.6,702.7,484.56622184591106,700.2053724668385,35.055097157284756
DSC03155_19032023125001.jpg,snout,116.1,656.2,125.59948068984022,665.5699404988973,13.343010092536153
DSC03155_19032023125001.jpg,caudalmid,1373.7,788.5,1356.4453125,791.3205245288887,17.483695242731738
DSC03155_19032023125001.jpg,dorsal,589.1,552.3,608.8414496563851,548.7139587094343,20.064509131130684
DSC03155_19032023125001.jpg,pelvic,661.6,786.3,684.984430353692,806.3625415382639,30.811315388039485
DSC03155_19032023125001.jpg,nape,301.8,531.7,352.10106220651187,525.4613610847982,50.686462439369805
DSC03155_19032023125001.jpg,jaw,303.4,785.7,361.3094471870586,792.1650056383969,58.26920603041743
DSC03155_19032023125001.jpg,tailtop,1305.5,738.6,1299.8805553355114,742.1527110203833,6.6483015824797045
DSC03155_19032023125001.jpg,tailbottom,1309.5,847.8,1298.1879863333197,838.4988422686502,14.644903152244122
DSC03172_19032023131458.jpg,snout,71.5,763.9,73.0432500230504,759.1049023176147,5.037318971165302
DSC03172_19032023131458.jpg,caudalmid,1449.2,942.3,1453.001387575839,938.4495595911785,5.410770633064062
DSC03172_19032023131458.jpg,dorsal,550.7,623.9,575.5641003872486,645.2251916660125,32.7564846657779
DSC03172_19032023131458.jpg,pelvic,645.0,934.5,677.380805319928,953.6324580093578,37.610736534225374
DSC03172_19032023131458.jpg,nape,299.7,614.8,300.6957845484958,616.9393130498938,2.3597133708290112
DSC03172_19032023131458.jpg,jaw,277.1,906.4,288.86905629584135,912.9938229725562,13.490336818926838
DSC03172_19032023131458.jpg,tailtop,1354.7,990.6,1370.7025406208445,881.2783499461198,110.48667103693927
DSC03172_19032023131458.jpg,tailbottom,1361.8,875.1,1361.7631628158242,991.0550409431703,115.95504679448166
DSC03271_11042023141710.jpg,snout,187.7,636.1,183.5187343840903,642.7403907723328,7.847150550363576
DSC03271_11042023141710.jpg,caudalmid,1507.0,749.2,1500.7431354928522,739.1249717460678,11.859787003919577
DSC03271_11042023141710.jpg,dorsal,650.7,539.5,626.8296749033827,544.8577842740342,24.464224339743254
DSC03271_11042023141710.jpg,pelvic,688.3,789.3,684.6586592653964,785.7940576886758,5.05479908955993
DSC03271_11042023141710.jpg,nape,338.9,536.4,322.44037060027426,538.9636734708747,16.658085773629033
DSC03271_11042023141710.jpg,jaw,340.6,761.7,333.5737573339584,762.8116173214676,7.113633324222619
DSC03271_11042023141710.jpg,tailtop,1547.0,644.9,1523.2133256628158,640.9047948233783,24.119857802784857
DSC03271_11042023141710.jpg,tailbottom,1512.2,843.3,1497.6016917127245,843.6549403622212,14.602622624414861
DSC03285_11042023142834.jpg,snout,196.1,734.5,187.82437101323558,740.1006461445777,9.992660925066378
DSC03285_11042023142834.jpg,caudalmid,1576.8,586.4,1555.5023031031828,585.5853279936127,21.313272474837934
DSC03285_11042023142834.jpg,dorsal,873.5,402.2,884.9365559030084,406.8708021789125,12.35359072970975
DSC03285_11042023142834.jpg,pelvic,896.7,870.0,887.9651820405998,874.0824989623256,9.641775902874521
DSC03285_11042023142834.jpg,nape,328.6,619.4,310.53861658623873,621.4819311405136,18.180979294106564
DSC03285_11042023142834.jpg,jaw,353.7,864.7,355.4717936414354,868.7388953833974,4.410434063202827
DSC03285_11042023142834.jpg,tailtop,1496.5,508.5,1496.4664134573432,500.0313585344038,8.468708067271116
DSC03285_11042023142834.jpg,tailbottom,1499.2,663.2,1500.366129773728,661.463388717334,2.0918119887451097
DSC03594_16042023201141.jpg,snout,246.4,645.2,227.45131431741925,652.5856397685466,20.33716705659805
DSC03594_16042023201141.jpg,caudalmid,1442.2,765.0,1448.696359674981,766.6509384651272,6.702856618066362
DSC03594_16042023201141.jpg,dorsal,709.9,601.8,719.9966552409719,594.3521681542375,12.546419658922613
DSC03594_16042023201141.jpg,pelvic,714.8,824.9,734.8421177965531,822.6226377770572,20.171089818485257
DSC03594_16042023201141.jpg,nape,397.0,537.3,396.0443963395787,536.8413697264959,1.0599623029074694
DSC03594_16042023201141.jpg,jaw,394.5,793.6,386.93000915202674,790.7507419829653,8.08845057387602
DSC03594_16042023201141.jpg,tailtop,1451.6,691.7,1440.1184650177647,688.2478105997934,11.989297610919058
DSC03594_16042023201141.jpg,tailbottom,1449.8,832.1,1434.6317940569934,837.0912391955831,15.968310500393715
DSC03598_16042023213347.jpg,snout,397.0,699.5,390.0828665875374,699.7546730601625,6.921820065082515
DSC03598_16042023213347.jpg,caudalmid,1612.2,708.8,1616.9122330685877,716.8378558105655,9.317310047655083
DSC03598_16042023213347.jpg,dorsal,872.0,585.2,889.7870043490793,572.1355938410516,22.069350511515694
DSC03598_16042023213347.jpg,pelvic,975.1,826.5,970.1772852146878,830.1468756550125,6.126403749399372
DSC03598_16042023213347.jpg,nape,508.5,608.5,495.14277437899955,609.6270027926325,13.40468618002348
DSC03598_16042023213347.jpg,jaw,514.3,788.9,498.7793678933001,782.1055079094531,16.942701784545065
DSC03598_16042023213347.jpg,tailtop,1605.2,634.0,1572.2120974926238,644.7809510058723,34.70490767063327
DSC03598_16042023213347.jpg,tailbottom,1620.8,791.2,1579.071044921875,794.234024723859,41.83910847445435
DSC03875_17042023191707.jpg,snout,67.6,669.7,66.84703015266587,680.9468031489691,11.271980511988808
DSC03875_17042023191707.jpg,caudalmid,1450.0,775.8,1468.7390428908325,768.1053674505756,20.257322096839943
DSC03875_17042023191707.jpg,dorsal,687.3,562.4,687.3948929157664,556.3986560716294,6.002094102232432
DSC03875_17042023191707.jpg,pelvic,734.0,872.6,727.335179105718,874.2231785353006,6.859631630803391
DSC03875_17042023191707.jpg,nape,372.2,514.8,348.548929742042,519.9841421869187,24.212568111645155
DSC03875_17042023191707.jpg,jaw,389.1,878.9,358.8315172398343,875.3195507596911,30.47951222321117
DSC03875_17042023191707.jpg,tailtop,1410.9,709.7,1421.3295591638444,713.9465575568111,11.260948247613808
DSC03875_17042023191707.jpg,tailbottom,1408.3,830.2,1419.4748655278631,826.2572973898741,11.850000988933232
DSC04012_18042023184918.jpg,snout,94.9,708.8,98.71595971127772,698.2100234590471,11.256515964366013
DSC04012_18042023184918.jpg,caudalmid,1396.1,711.2,1376.1328027603477,712.3227883106365,19.99874044027969
DSC04012_18042023184918.jpg,dorsal,664.3,518.2,667.7290125096097,542.1900192011544,24.23384303124075
DSC04012_18042023184918.jpg,pelvic,735.2,805.8,747.2666679544652,805.9643194471882,12.067786723506552
DSC04012_18042023184918.jpg,nape,354.0,522.1,370.37599847671845,511.13565943336926,19.707615029996656
DSC04012_18042023184918.jpg,jaw,388.3,833.8,382.80384591285224,830.1710959545208,6.586095529292487
DSC04012_18042023184918.jpg,tailtop,1340.3,644.6,1308.4510437985682,639.0776759792516,32.32417166318192
DSC04012_18042023184918.jpg,tailbottom,1342.6,769.7,1313.822868022513,770.640425465735,28.792494246006317
DSC04031_18042023190629.jpg,snout,251.5,617.3,250.5805543128481,617.5177745364736,0.944884183568815
DSC04031_18042023190629.jpg,caudalmid,1388.9,741.5,1384.5331516671686,743.6008830951259,4.84593377393247
DSC04031_18042023190629.jpg,dorsal,829.2,516.0,821.0730451218624,504.3224891817995,14.227144987680266
DSC04031_18042023190629.jpg,pelvic,743.8,850.7,735.9671491257686,846.3419807567925,8.963586589201537
DSC04031_18042023190629.jpg,nape,352.8,562.0,344.53822196798137,563.6356815645868,8.422139302521352
DSC04031_18042023190629.jpg,jaw,345.7,755.6,331.78125543797273,749.3176811223052,15.2708539598807
DSC04031_18042023190629.jpg,tailtop,1332.0,667.8,1336.6788904717628,666.4328895867802,4.874526328648382
DSC04031_18042023190629.jpg,tailbottom,1315.8,786.7,1317.034619919797,792.8667888166383,6.289162953475944
DSC04205_19042023190321.jpg,snout,207.9,621.2,210.91835549537177,622.6550009800121,3.3507458495500706
DSC04205_19042023190321.jpg,caudalmid,1444.3,781.1,1448.6260515578247,782.2494168556959,4.476145796230891
DSC04205_19042023190321.jpg,dorsal,821.1,493.3,813.196506906063,491.67888733119344,8.06803627724096
DSC04205_19042023190321.jpg,pelvic,751.3,865.4,754.1110059048269,862.1822584707825,4.272658978414157
DSC04205_19042023190321.jpg,nape,314.5,547.6,320.4020439310277,543.6602922991979,7.09615524996043
DSC04205_19042023190321.jpg,jaw,306.8,741.9,322.9257299544963,754.004510912911,20.163292166859083
DSC04205_19042023190321.jpg,tailtop,1377.9,686.9,1388.8867763762782,685.993304387267,11.024125909862105
DSC04205_19042023190321.jpg,tailbottom,1351.2,827.1,1355.1798678459008,827.5843679670779,4.009234390549677
DSC04334_20042023183547.jpg,snout,195.5,678.0,180.24661693167172,677.4458597730181,15.263445430843039
DSC04334_20042023183547.jpg,caudalmid,1542.5,699.4,1530.7242210875165,693.2799814942159,13.271156524841
DSC04334_20042023183547.jpg,dorsal,737.8,540.7,733.438694730718,539.6300344610854,4.490635802014168
DSC04334_20042023183547.jpg,pelvic,775.7,766.0,758.5352430952357,762.6182585970632,17.494715045292708
DSC04334_20042023183547.jpg,nape,371.2,504.0,366.5822008822827,509.10165886427967,6.88120569806441
DSC04334_20042023183547.jpg,jaw,374.8,813.6,387.5290485138589,810.7942508407205,13.034604114163646
DSC04334_20042023183547.jpg,tailtop,1478.7,615.6,1490.338142882002,613.1043313765631,11.90271950521824
DSC04334_20042023183547.jpg,tailbottom,1463.2,738.9,1472.8674381337269,744.6510349146224,11.24872271231902
DSC04350_20042023193725.jpg,snout,175.0,612.5,166.72458039953358,622.5517619533593,13.020003376757868
DSC04350_20042023193725.jpg,caudalmid,1482.6,655.0,1481.1337653626788,653.6519384543808,1.9917615174657421
DSC04350_20042023193725.jpg,dorsal,638.2,538.5,658.774010678555,543.3638963839703,21.141130609200925
DSC04350_20042023193725.jpg,pelvic,713.3,758.6,718.0143315741357,762.6107906713814,6.189617435717097
DSC04350_20042023193725.jpg,nape,335.9,492.2,338.87304143702727,488.94310358386247,4.409801543349852
DSC04350_20042023193725.jpg,jaw,330.8,778.3,339.9813327383488,778.2845538262545,9.181345731239965
DSC04350_20042023193725.jpg,tailtop,1389.5,581.8,1441.0003093962978,584.6051122889457,51.57664706888178
DSC04350_20042023193725.jpg,tailbottom,1393.2,720.9,1444.8384427009742,714.7244328426732,52.00640724272769
DSC04380_20042023201126.jpg,snout,216.7,681.1,220.6793135785042,665.729289886076,15.877457792806574
DSC04380_20042023201126.jpg,caudalmid,1477.7,762.1,1473.2959828478224,759.7711623899108,4.981852234946421
DSC04380_20042023201126.jpg,dorsal,673.9,569.6,686.9923206085855,567.3001119622163,13.29279293092063
DSC04380_20042023201126.jpg,pelvic,719.5,806.4,740.6860108071185,792.2190976406314,25.494019801617906
DSC04380_20042023201126.jpg,nape,386.0,551.6,386.5256613873421,544.3498644097708,7.269166800318357
DSC04380_20042023201126.jpg,jaw,385.2,793.8,387.6692589293134,793.2226253835752,2.5358629907165087
DSC04380_20042023201126.jpg,tailtop,1401.3,669.8,1444.5765880828212,678.0884041353793,44.06314468125897
DSC04380_20042023201126.jpg,tailbottom,1382.7,814.7,1421.8130923332055,822.1818283260136,39.822251907266576
DSC04419_20042023210315.jpg,snout,276.2,596.7,264.6257420803638,608.9366233387427,16.843348750308614
DSC04419_20042023210315.jpg,caudalmid,1455.2,726.7,1449.8656252597239,730.8107484324964,6.734523483140305
DSC04419_20042023210315.jpg,dorsal,867.8,478.8,858.5081100463867,471.70420449120684,11.691429887428994
DSC04419_20042023210315.jpg,pelvic,780.4,796.0,781.8786539929977,803.5905282595859,7.73320999912584
DSC04419_20042023210315.jpg,nape,368.6,533.5,372.56006484336035,532.3336692343337,4.128249146860959
DSC04419_20042023210315.jpg,jaw,369.9,744.3,372.66096155694186,736.9195116400451,7.880007433393676
DSC04419_20042023210315.jpg,tailtop,1414.6,640.0,1409.4186742255029,649.2794679678045,10.628013104384923
DSC04419_20042023210315.jpg,tailbottom,1380.9,764.6,1373.8184178129159,762.9573427901737,7.2696030827977784
DSC04426_20042023210712.jpg,snout,198.9,521.0,188.59882557645756,521.7167009450495,10.326076445043393
DSC04426_20042023210712.jpg,caudalmid,1458.5,795.1,1471.1116628443938,797.5584626671457,12.849049707523573
DSC04426_20042023210712.jpg,dorsal,854.3,483.2,847.369802759049,474.6166955070303,11.03180628081905
DSC04426_20042023210712.jpg,pelvic,717.9,813.9,704.4234580182015,817.9041197612614,14.058810719605766
DSC04426_20042023210712.jpg,nape,301.7,473.3,308.8001900530876,469.2050732536509,8.196409204519355
DSC04426_20042023210712.jpg,jaw,284.6,693.5,270.1397043593388,681.9041104870184,18.53550116971758
DSC04426_20042023210712.jpg,tailtop,1416.4,701.1,1416.1560789067694,702.9745600439073,1.890363155041019
DSC04426_20042023210712.jpg,tailbottom,1380.5,831.2,1372.531160395196,830.7741814122669,7.980208400584112
DSC04602_21042023205915.jpg,snout,43.6,675.0,37.66751289367676,672.8616635015769,6.306099130776477
DSC04602_21042023205915.jpg,caudalmid,1474.6,760.4,1477.8760544797206,764.216596528755,5.0298053657574355
DSC04602_21042023205915.jpg,dorsal,636.7,556.1,641.1272820006025,563.2948817669285,8.44790799860757
DSC04602_21042023205915.jpg,pelvic,713.1,863.5,716.0731985213911,862.1122214380384,3.2811337651248036
DSC04602_21042023205915.jpg,nape,315.1,503.1,275.2054397096026,514.3230508486076,41.443127429220226
DSC04602_21042023205915.jpg,jaw,292.5,802.1,273.1620403046304,840.673219656971,43.14915943427719
DSC04602_21042023205915.jpg,tailtop,1411.6,702.4,1419.5148386853807,697.747819410105,9.18081998824704
DSC04602_21042023205915.jpg,tailbottom,1424.7,837.6,1437.363259335782,836.5097501715645,12.71010549498597
DSC04766_22042023184513.jpg,snout,312.9,582.0,312.7470320843636,577.8023365825811,4.20044966035196
DSC04766_22042023184513.jpg,caudalmid,1486.5,883.3,1469.1929512835559,867.2588332476362,23.597732222620692
DSC04766_22042023184513.jpg,dorsal,703.5,492.4,730.4015463971077,488.5280282010458,27.178766788940884
DSC04766_22042023184513.jpg,pelvic,859.7,719.8,837.452807324998,715.0534252443222,22.747913175276103
DSC04766_22042023184513.jpg,nape,427.1,507.0,430.49537374618194,507.28745751322367,3.407520315151498
DSC04766_22042023184513.jpg,jaw,423.9,656.1,421.3128089904785,653.715617658504,3.518357069739605
DSC04766_22042023184513.jpg,tailtop,1460.0,802.2,1446.5573899289393,798.3103011310368,13.994053123159013
DSC04766_22042023184513.jpg,tailbottom,1404.3,875.3,1398.162172195759,870.0272134813877,8.091675217491908
DSC05081_24042023191847.jpg,snout,71.4,679.4,74.97839724763912,674.6587088071474,5.940098403000816
DSC05081_24042023191847.jpg,caudalmid,1598.6,659.5,1554.8004393881938,660.5080997375771,43.81116039171046
DSC05081_24042023191847.jpg,dorsal,610.2,557.0,633.2913256706074,546.9909871531918,25.167233844696224
DSC05081_24042023191847.jpg,pelvic,655.8,752.7,666.4039124833776,752.3171633805282,10.610821072487271
DSC05081_24042023191847.jpg,nape,242.4,530.0,250.70143760518818,532.3826144229224,8.636591793129407
DSC05081_24042023191847.jpg,jaw,251.7,784.9,262.4087536588627,784.0568567064724,10.74189441111881
DSC05081_24042023191847.jpg,tailtop,1490.2,578.9,1533.910710760888,581.5315562813939,43.789854118096166
DSC05081_24042023191847.jpg,tailbottom,1485.9,709.4,1517.6320989081196,713.5901154823869,32.007548623260995
DSC05371_26042023160502.jpg,snout,103.7,622.7,111.01815548348941,619.0679746228934,8.16988421095872
DSC05371_26042023160502.jpg,caudalmid,1449.9,724.8,1491.5278008643618,732.8305195756257,42.39531872102697
DSC05371_26042023160502.jpg,dorsal,730.1,507.4,714.5347392305416,522.2655934826471,21.5235501814306
DSC05371_26042023160502.jpg,pelvic,784.9,829.5,795.9605683671668,824.2912145773216,12.225694998006414
DSC05371_26042023160502.jpg,nape,439.4,464.8,414.7013096099204,465.30762339117246,24.703906340744492
DSC05371_26042023160502.jpg,jaw,424.9,837.7,407.7228992543321,829.8414980453836,18.88938439964455
DSC05371_26042023160502.jpg,tailtop,1422.9,654.5,1445.2421310100149,667.8878231618023,26.046201778385168
DSC05371_26042023160502.jpg,tailbottom,1418.4,792.8,1439.448356628418,787.6138095250353,21.67786632488716
DSC05407_26042023165636.jpg,snout,166.8,663.2,159.27318816489355,646.1510126147023,18.636546548787987
DSC05407_26042023165636.jpg,caudalmid,1489.5,676.2,1483.918900185443,673.1393896026007,6.365218860708439
DSC05407_26042023165636.jpg,dorsal,765.1,436.2,790.2617555983522,436.2895853045129,25.161915076519787
DSC05407_26042023165636.jpg,pelvic,787.2,835.5,776.7666552929168,841.9187485591642,12.249694479561331
DSC05407_26042023165636.jpg,nape,271.2,572.6,273.90544972521184,563.9152241880738,9.096416278901682
DSC05407_26042023165636.jpg,jaw,290.0,777.6,290.765549274201,778.2732510198175,1.0194766436338762
DSC05407_26042023165636.jpg,tailtop,1416.5,579.1,1413.3654655294217,575.6808401815197,4.6385299623430285
DSC05407_26042023165636.jpg,tailbottom,1410.4,743.5,1397.4925710799844,747.4470666569791,13.497446296240431
DSC05431_26042023172027.jpg,snout,158.6,691.7,166.77485121057384,692.6521711473888,8.230116779787535
DSC05431_26042023172027.jpg,caudalmid,1528.9,673.6,1534.6539679993975,675.1185917440534,5.950988877757802
DSC05431_26042023172027.jpg,dorsal,773.7,494.8,775.1309009308511,477.9729225934216,16.887806592950223
DSC05431_26042023172027.jpg,pelvic,844.1,790.5,827.1665167301262,796.3791359169409,17.92504099802733
DSC05431_26042023172027.jpg,nape,262.5,610.5,285.94279796519186,599.6056520354136,25.850562740688847
DSC05431_26042023172027.jpg,jaw,273.7,769.4,288.8054949172001,772.273075488396,15.376297976287434
DSC05431_26042023172027.jpg,tailtop,1477.6,590.3,1467.289457929895,588.1991019821726,10.522407056406564
DSC05431_26042023172027.jpg,tailbottom,1470.7,732.4,1443.4854426282518,731.7817806069343,27.22157835538085
VSL00063_27022023181937.jpg,snout,1810.8,898.2,1818.1868208215592,879.1041743936285,20.474757078870997
VSL00063_27022023181937.jpg,caudalmid,535.7,656.2,539.9916425664373,658.3639977236412,4.806358503688701
VSL00063_27022023181937.jpg,dorsal,1445.5,447.6,1418.8888630968459,421.97468186994774,36.94332871500345
VSL00063_27022023181937.jpg,pelvic,1300.0,983.9,947.2113873096223,910.4301042696461,360.357642936334
VSL00063_27022023181937.jpg,nape,1613.4,571.5,1611.337905234479,570.6958988711372,2.2133263309842297
VSL00063_27022023181937.jpg,jaw,1538.9,968.6,1522.1577908130403,968.9762195834355,16.746435729279302
VSL00063_27022023181937.jpg,tailtop,616.2,557.5,618.6597296532166,558.00900323516,2.511842801672912
VSL00063_27022023181937.jpg,tailbottom,610.7,758.4,621.8373927664252,750.7525320323184,13.510191854682692
VSL00085_20082022221836.jpg,snout,103.3,644.4,102.17373929125188,649.1789537248469,4.9098739177598185
VSL00085_20082022221836.jpg,caudalmid,1580.6,699.7,1576.2305158249878,698.9237149512128,4.437906086506518
VSL00085_20082022221836.jpg,dorsal,830.7,466.8,830.6227744893822,459.3524572496699,7.4479431252853185
VSL00085_20082022221836.jpg,pelvic,717.6,895.1,706.9909724783392,891.1921222063579,11.305882265679092
VSL00085_20082022221836.jpg,nape,196.0,582.5,205.49133990673317,574.6502664374584,12.316811690857238
VSL00085_20082022221836.jpg,jaw,204.1,794.4,203.20693482743923,801.3654900781276,7.022507916046422
VSL00085_20082022221836.jpg,tailtop,1526.6,601.2,1513.022808318443,604.4322531377629,13.956632627690624
VSL00085_20082022221836.jpg,tailbottom,1511.7,775.3,1495.7085467399438,769.026949846851,17.177826858845815
VSL00172_27022023192948.jpg,snout,298.4,554.6,292.14051429261553,554.8493642464414,6.264450801814424
VSL00172_27022023192948.jpg,caudalmid,1426.7,663.2,1443.2953164932578,659.1626620999141,17.07936260025133
VSL00172_27022023192948.jpg,dorsal,1028.6,474.8,976.755304539457,470.169848517382,52.05103985655258
VSL00172_27022023192948.jpg,pelvic,760.1,812.3,792.3132713804855,812.5617271973088,32.21433460679602
VSL00172_27022023192948.jpg,nape,403.4,519.2,395.6960515773044,524.2637681920478,9.219141478594867
VSL00172_27022023192948.jpg,jaw,397.8,720.3,379.79728617566707,713.2338752437918,19.33979896770198
VSL00172_27022023192948.jpg,tailtop,1393.9,591.6,1379.3847307245783,586.0834588201583,15.528208806133895
VSL00172_27022023192948.jpg,tailbottom,1383.5,720.2,1381.0584291498712,717.8268513738044,3.4048645521096317
VSL00182_20082022234255.jpg,snout,1724.0,704.2,1734.7630439920626,713.2189393924282,14.042235710148434
VSL00182_20082022234255.jpg,caudalmid,472.0,681.3,490.9060762283648,678.5414246540913,19.106267461013804
VSL00182_20082022234255.jpg,dorsal,1251.2,542.3,1281.0806923724235,552.2943244841881,31.50781329369986
VSL00182_20082022234255.jpg,pelvic,1228.4,783.2,1252.3895020180562,784.2546558191198,24.012673861340822
VSL00182_20082022234255.jpg,nape,1580.7,583.7,1576.4524987403383,583.2585645542213,4.270378461403353
VSL00182_20082022234255.jpg,jaw,1581.1,794.2,1566.337260794132,793.4672504086047,14.780913057864936
VSL00182_20082022234255.jpg,tailtop,483.7,612.1,480.5052432608097,586.4340476555353,25.864020962931008
VSL00182_20082022234255.jpg,tailbottom,477.8,777.4,483.17669807596394,769.3737038014724,9.660761505521831
VSL00199_20082022235610.jpg,snout,86.2,753.2,91.72636397341466,757.3170405422738,6.891351216806585
VSL00199_20082022235610.jpg,caudalmid,1529.5,768.5,1530.158509599402,767.6423560583166,1.0812899810923164
VSL00199_20082022235610.jpg,dorsal,614.0,600.0,605.0906688609023,599.6960744869098,8.914513562926674
VSL00199_20082022235610.jpg,pelvic,633.5,843.1,655.2295887723881,849.9677595931239,22.789057682274596
VSL00199_20082022235610.jpg,nape,257.9,619.2,262.1650087072494,608.8551825816476,11.189528439213253
VSL00199_20082022235610.jpg,jaw,262.4,868.0,276.11356085919306,871.6194963382022,14.18317683669818
VSL00199_20082022235610.jpg,tailtop,1503.9,684.9,1481.5582518881938,681.1065562078065,22.661507551262574
VSL00199_20082022235610.jpg,tailbottom,1497.1,843.7,1471.5262068078873,839.1917446704047,25.968120154330954
VSL00209_27022023195047.jpg,snout,197.7,697.8,202.4803668894665,687.6883216811611,11.184719309020794
VSL00209_27022023195047.jpg,caudalmid,1471.2,604.6,1489.475777808656,614.019051354645,20.56021845537634
VSL00209_27022023195047.jpg,dorsal,811.9,403.5,797.4517497610541,414.3574985926307,18.07310738794459
VSL00209_27022023195047.jpg,pelvic,642.2,876.5,675.7434276824301,881.868114239137,33.970254505535316
VSL00209_27022023195047.jpg,nape,317.6,616.5,317.55020263347205,606.3374824478024,10.162639557538103
VSL00209_27022023195047.jpg,jaw,331.9,825.8,336.0061341143669,828.1832148724102,4.747636305915298
VSL00209_27022023195047.jpg,tailtop,1446.9,532.5,1452.1931993200424,540.7576912390068,9.808538302951463
VSL00209_27022023195047.jpg,tailbottom,1431.7,654.1,1439.8333772699884,667.9248600364663,16.03990588637743
VSL00225_27022023200119.jpg,snout,185.7,675.2,176.190102354009,678.3053776518045,10.00407534945391
VSL00225_27022023200119.jpg,caudalmid,1455.4,717.5,1470.2072955192407,713.3291417551891,15.38349957234796
VSL00225_27022023200119.jpg,dorsal,827.3,503.8,810.2045059204102,511.90041539033064,18.917522229964344
VSL00225_27022023200119.jpg,pelvic,802.4,861.9,777.4305749446787,865.9989740015671,25.303631665411768
VSL00225_27022023200119.jpg,nape,301.4,592.8,301.9995790846806,594.3625626994426,1.6736478926213683
VSL00225_27022023200119.jpg,jaw,297.6,806.2,313.4906951417315,807.7428967743845,15.96542271735562
VSL00225_27022023200119.jpg,tailtop,1398.6,630.5,1392.433430286164,626.7650848885869,7.209450251237006
VSL00225_27022023200119.jpg,tailbottom,1392.2,782.3,1379.9944735587915,779.8441392787336,12.450145685464921
VSL00287_28022023145349.jpg,snout,1714.9,706.5,1724.4203445759226,677.5900714730046,30.437163604387948
VSL00287_28022023145349.jpg,caudalmid,565.5,701.0,541.3026911147099,694.2017657263204,25.13415497942931
VSL00287_28022023145349.jpg,dorsal,1235.8,594.2,1220.5188223656187,577.5869777527905,22.5722594810487
VSL00287_28022023145349.jpg,pelvic,1184.8,813.8,1207.8415485138585,808.7690301302023,23.584393478470197
VSL00287_28022023145349.jpg,nape,1490.9,532.1,1493.32801331865,535.2451510710107,3.97331397387881
VSL00287_28022023145349.jpg,jaw,1495.0,799.5,1519.8789150156872,797.9142992340826,24.929397491251507
VSL00287_28022023145349.jpg,tailtop,626.1,660.6,609.1006664519614,664.762395346138,17.50151068036764
VSL00287_28022023145349.jpg,tailbottom,621.6,742.4,601.1816187107815,740.6209789123386,20.495736398145123
VSL00366_21082022162216 2.jpg,snout,69.5,752.2,72.59606300516339,736.5719503421069,15.931777748936724
VSL00366_21082022162216 2.jpg,caudalmid,1526.5,648.7,1522.0457848082197,646.2349763196626,5.090812775904394
VSL00366_21082022162216 2.jpg,dorsal,843.7,391.5,848.9703523351791,394.1723009827547,5.909129062675716
VSL00366_21082022162216 2.jpg,pelvic,801.6,946.4,793.9483155595497,943.2197475792573,8.286270586691584
VSL00366_21082022162216 2.jpg,nape,202.0,608.7,197.97116137565445,608.2481613252312,4.054096551518654
VSL00366_21082022162216 2.jpg,jaw,218.1,880.2,216.01630271749286,882.3803735737292,3.0159282627649118
VSL00366_21082022162216 2.jpg,tailtop,1464.4,554.8,1462.095991094062,549.8414136515266,5.46772673182452
VSL00366_21082022162216 2.jpg,tailbottom,1456.0,725.8,1448.630718474693,724.4563510207727,7.490774511264565
VSL00451_01032023171616.jpg,snout,319.4,661.6,302.29004393232617,656.5561542012065,17.837908427832424
VSL00451_01032023171616.jpg,caudalmid,1563.9,668.8,1575.5734950938122,666.3884857043495,11.919978561364191
VSL00451_01032023171616.jpg,dorsal,1118.2,609.1,1095.0762566099775,605.2139633043798,23.448001824618654
VSL00451_01032023171616.jpg,pelvic,1023.9,783.3,1013.5700753394594,779.3038247638779,11.075954135434072
VSL00451_01032023171616.jpg,nape,409.9,623.8,404.50287879781536,619.9859239742427,6.608789087368945
VSL00451_01032023171616.jpg,jaw,408.5,710.5,396.84533058328816,714.7740844566642,12.413666547621503
VSL00451_01032023171616.jpg,tailtop,1446.9,630.4,1481.252670288086,625.6648777834407,34.677475950935204
VSL00451_01032023171616.jpg,tailbottom,1459.1,727.6,1501.0385716215096,733.5189815891372,42.35419852511725
VSL00482_01032023174036.jpg,snout,1806.1,783.0,1806.8437779203373,789.4337631972239,6.4766128858172785
VSL00482_01032023174036.jpg,caudalmid,396.8,575.0,417.7237977372838,577.3980594166287,21.060769233730376
VSL00482_01032023174036.jpg,dorsal,1191.9,498.5,1164.1182189292094,500.1889923170338,27.833074830358598
VSL00482_01032023174036.jpg,pelvic,1129.9,838.6,1199.0384243904273,859.6502279930614,72.27194355869146
VSL00482_01032023174036.jpg,nape,1712.7,667.4,1711.5280881841131,672.0667330881447,4.81162914408417
VSL00482_01032023174036.jpg,jaw,1670.7,889.5,1676.162597980905,890.0198597101762,5.487278999581841
VSL00482_01032023174036.jpg,tailtop,524.2,504.5,528.9532174455358,504.43400347745046,4.7536755911119615
VSL00482_01032023174036.jpg,tailbottom,522.1,656.0,519.3216141234052,653.6556724172215,3.6352853938360647
VSL00487_01032023174204.jpg,snout,240.8,607.0,237.7531782109686,582.1270728955442,25.058843264558103
VSL00487_01032023174204.jpg,caudalmid,1493.6,713.6,1496.326811770175,719.9933571647853,6.95057682976574
VSL00487_01032023174204.jpg,dorsal,823.6,448.6,822.6936827314657,452.9867570315091,4.479402666063623
VSL00487_01032023174204.jpg,pelvic,827.7,773.2,799.2848335428444,767.6821177166753,28.945961889018218
VSL00487_01032023174204.jpg,nape,333.1,506.3,337.68455018388477,507.32711825366823,4.6981988352533675
VSL00487_01032023174204.jpg,jaw,338.0,694.7,339.9878258400777,705.9788863620324,11.452717107224842
VSL00487_01032023174204.jpg,tailtop,1434.1,621.6,1430.6753645551967,620.2288333947236,3.68893287946909
VSL00487_01032023174204.jpg,tailbottom,1398.7,752.9,1387.92924678072,756.5767067206489,11.381005984547116
VSL00537_01032023181342.jpg,snout,1628.8,646.1,1635.9007003459524,662.008446374176,17.421211537750175
VSL00537_01032023181342.jpg,caudalmid,398.6,678.8,385.45110377859555,677.7621365174255,13.18979273717849
VSL00537_01032023181342.jpg,dorsal,775.0,553.8,779.4484077615941,552.2947281558463,4.696187276739777
VSL00537_01032023181342.jpg,pelvic,932.7,717.9,892.2704128508872,721.1638031385041,40.56111349525088
VSL00537_01032023181342.jpg,nape,1545.9,591.3,1539.2013712132234,593.4313931012794,7.02954224506935
VSL00537_01032023181342.jpg,jaw,1547.9,727.6,1534.9345917397359,720.6366079525487,14.717018725334128
VSL00537_01032023181342.jpg,tailtop,477.2,598.9,467.47820428077216,597.6026332661113,9.807980039161862
VSL00537_01032023181342.jpg,tailbottom,491.7,730.0,482.285570591054,737.0196222113445,11.743363107986934
VSL00575_02032023162304.jpg,snout,383.4,525.1,384.3794376292128,521.8696925036074,3.3755273055877044
VSL00575_02032023162304.jpg,caudalmid,1529.6,784.9,1515.4652291155871,777.0513369096443,16.16766093968928
VSL00575_02032023162304.jpg,dorsal,1262.8,579.6,1245.6184143715718,568.0003813717381,20.730606287036814
VSL00575_02032023162304.jpg,pelvic,958.7,761.7,923.8179592376059,763.9556228015572,34.95489382006803
VSL00575_02032023162304.jpg,nape,460.4,514.1,459.1678964330795,509.32176083605736,4.934536321424096
VSL00575_02032023162304.jpg,jaw,435.1,657.6,423.19408376166166,643.6310922867351,18.354324399880294
VSL00575_02032023162304.jpg,tailtop,1441.6,670.4,1438.5583958727248,657.6237648199312,13.133298939850691
VSL00575_02032023162304.jpg,tailbottom,1388.5,815.9,1385.8489178596656,821.3970906219574,6.102969918065533
VSL00708_22082022161628.jpg,snout,90.7,703.9,92.85725431239348,715.1830038466887,11.487380988403473
VSL00708_22082022161628.jpg,caudalmid,1534.8,698.2,1534.2424676773398,699.0754954947956,1.0379473263215935
VSL00708_22082022161628.jpg,dorsal,768.3,474.8,780.2966706296231,470.3758219811134,12.786456011673545
VSL00708_22082022161628.jpg,pelvic,788.1,905.7,785.065346575798,898.5167444492026,7.797966511410707
VSL00708_22082022161628.jpg,nape,216.9,604.6,215.44536631158053,607.7043146833648,3.428225316521536
VSL00708_22082022161628.jpg,jaw,225.8,824.9,236.25185134563048,829.3922114895126,11.376342145771952
VSL00708_22082022161628.jpg,tailtop,1438.5,607.9,1434.8391674934546,606.1829771205248,4.043496285347681
VSL00708_22082022161628.jpg,tailbottom,1421.0,759.5,1413.757080727435,760.2315499163897,7.279769561535712
VSL00723_04032023222700.jpg,snout,132.9,565.2,131.21570932104237,562.5457680867321,3.1435302035504002
VSL00723_04032023222700.jpg,caudalmid,1524.2,685.1,1533.1816571824097,688.8233454668498,9.722832262661008
VSL00723_04032023222700.jpg,dorsal,818.7,392.6,822.9751181095207,395.03514915272353,4.920018927439385
VSL00723_04032023222700.jpg,pelvic,676.5,901.6,690.3032952166618,899.9079988201015,13.906610903850613
VSL00723_04032023222700.jpg,nape,246.5,498.1,238.8803400891893,502.51414106979155,8.805899076212262
VSL00723_04032023222700.jpg,jaw,217.9,729.3,222.53623921820463,737.1009620505251,9.074674815229068
VSL00723_04032023222700.jpg,tailtop,1499.5,598.8,1493.3038670965962,597.3995864219032,6.352418527329691
VSL00723_04032023222700.jpg,tailbottom,1476.5,749.4,1477.1557260066902,761.9047689407266,12.521949642799708
VSL00734_22082022205752.jpg,snout,44.1,652.5,62.99223291113026,651.7814249069697,18.905893645440745
VSL00734_22082022205752.jpg,caudalmid,1714.1,710.6,1730.1356944632025,724.4262774822168,21.17331919970138
VSL00734_22082022205752.jpg,dorsal,1253.9,594.0,1223.165065684217,595.9001480465358,30.793615409598285
VSL00734_22082022205752.jpg,pelvic,1203.5,747.3,910.534290557212,727.5424208497361,293.6311782546176
VSL00734_22082022205752.jpg,nape,165.6,583.8,193.5061393900121,584.8842512407737,27.927194925518464
VSL00734_22082022205752.jpg,jaw,168.4,718.1,199.6969060694919,721.4835110920085,31.479270589267824
VSL00734_22082022205752.jpg,tailtop,1599.2,653.0,1627.4539866345995,666.9825894676947,31.5246025981329
VSL00734_22082022205752.jpg,tailbottom,1594.4,739.4,1616.2742858237407,744.3563546039431,22.428772397497088
VSL00815_22082022220335.jpg,snout,1670.0,458.4,1659.2427923324258,455.56369598123365,11.124843247892873
VSL00815_22082022220335.jpg,caudalmid,512.4,750.6,509.504551583148,743.3717994289473,7.786559254896738
VSL00815_22082022220335.jpg,dorsal,1176.4,430.1,1178.1633052420111,433.96917969374226,4.252034440002911
VSL00815_22082022220335.jpg,pelvic,1131.8,635.7,1135.9852324140834,640.0470934670552,6.034350998343433
VSL00815_22082022220335.jpg,nape,1543.3,386.2,1520.1759744197761,389.61838008569794,23.375326338794537
VSL00815_22082022220335.jpg,jaw,1577.1,548.1,1552.106005080203,549.7933767241693,25.05129351512199
VSL00815_22082022220335.jpg,tailtop,529.2,678.2,529.7198092683834,679.4679520281829,1.370366382129377
VSL00815_22082022220335.jpg,tailbottom,583.5,779.3,573.439841574811,773.9555789608776,11.391647105810257
VSL00820_22082022221025.jpg,snout,30.4,658.4,38.613502015458835,676.1842849224004,19.589344183996158
VSL00820_22082022221025.jpg,caudalmid,1458.1,718.8,1462.5310289098861,722.6022870934435,5.8387844917597755
VSL00820_22082022221025.jpg,dorsal,652.6,540.0,650.6938528507312,546.4890214458906,6.763194236445762
VSL00820_22082022221025.jpg,pelvic,693.3,849.9,701.0626691452999,842.5680544218048,10.677848951029725
VSL00820_22082022221025.jpg,nape,326.1,500.9,326.34896420417954,500.99421635775707,0.26619522353293906
VSL00820_22082022221025.jpg,jaw,293.8,842.5,314.99608019565017,839.891105818695,21.356032976882194
VSL00820_22082022221025.jpg,tailtop,1390.7,783.3,1402.205548387893,657.9015918388695,125.92513018874193
VSL00820_22082022221025.jpg,tailbottom,1396.6,643.0,1404.4490164898812,773.3090987998457,130.5452729511352
VSL00830_22082022222526.jpg,snout,1899.7,748.8,1891.4121668389503,748.3494746494771,8.300069373014907
VSL00830_22082022222526.jpg,caudalmid,691.9,691.1,693.6918826813394,681.0250145327964,10.233092187019952
VSL00830_22082022222526.jpg,dorsal,1417.8,501.5,1418.848585575185,516.1133346538991,14.650907187452042
VSL00830_22082022222526.jpg,pelvic,1285.6,770.2,1311.4254931186106,792.3676488109463,34.034699185167696
VSL00830_22082022222526.jpg,nape,1678.7,552.3,1672.3336970552482,556.0524067065812,7.3898829000162225
VSL00830_22082022222526.jpg,jaw,1657.4,831.2,1652.4246296984084,826.1933154320077,7.058413419553563
VSL00830_22082022222526.jpg,tailtop,762.1,747.2,768.1700929682306,645.945442822629,101.43634150455375
VSL00830_22082022222526.jpg,tailbottom,762.2,637.9,764.9964880436023,724.0595417805016,86.20491276722004
VSL00859-2_22082022224031.jpg,snout,1803.7,852.4,1799.8517219056475,854.6876904597239,4.476915448272953
VSL00859-2_22082022224031.jpg,caudalmid,486.6,563.8,505.5932187019512,572.6891286027221,20.970430705540604
VSL00859-2_22082022224031.jpg,dorsal,1192.5,507.2,1191.1304352131297,516.2735923023097,9.176371013312883
VSL00859-2_22082022224031.jpg,pelvic,1149.4,964.4,1163.3777009679916,974.0542072110943,16.987637894225795
VSL00859-2_22082022224031.jpg,nape,1695.4,757.9,1688.3414248202707,743.3814875487506,16.143441001378108
VSL00859-2_22082022224031.jpg,jaw,1640.7,977.2,1647.0248039732587,979.1713509896235,6.624905284186193
VSL00859-2_22082022224031.jpg,tailtop,579.0,505.7,608.4389788039189,513.2821834772558,30.399720052993175
VSL00859-2_22082022224031.jpg,tailbottom,549.8,644.7,587.2176961695895,656.4107314862445,39.2074638121702
VSL00899_23082022082828.jpg,snout,1915.1,656.2,1916.7624534444608,666.1972462561516,10.134529301409943
VSL00899_23082022082828.jpg,caudalmid,444.6,651.3,452.4623485321695,656.0497481056623,9.185675343084464
VSL00899_23082022082828.jpg,dorsal,1166.4,399.0,1176.3124668851815,409.4521815168805,14.40503725131026
VSL00899_23082022082828.jpg,pelvic,1309.8,851.1,1304.7550485489219,866.0373228091212,15.76626613525301
VSL00899_23082022082828.jpg,nape,1792.2,572.2,1798.2365628506273,572.418466755721,6.040514777146706
VSL00899_23082022082828.jpg,jaw,1785.5,814.2,1785.7411973019862,814.2531114462763,0.24697563485284715
VSL00899_23082022082828.jpg,tailtop,511.2,538.9,516.450394975378,542.0837526370642,6.140271024269869
VSL00899_23082022082828.jpg,tailbottom,549.4,730.7,565.971354220776,728.3887184817077,16.731760306890337
VSL00906_23082022083231.jpg,snout,100.9,706.7,101.72254481214168,701.0890097272186,5.6709603956675085
VSL00906_23082022083231.jpg,caudalmid,1541.2,687.8,1538.8466855312918,686.7214271412231,2.5887078630702596
VSL00906_23082022083231.jpg,dorsal,843.6,433.7,830.4494898369971,438.807184520444,14.107418306448034
VSL00906_23082022083231.jpg,pelvic,703.5,900.2,731.6363517274249,890.8996620898001,29.633605480488985
VSL00906_23082022083231.jpg,nape,216.8,620.5,211.67566421184142,613.4111218369962,8.747057269717308
VSL00906_23082022083231.jpg,jaw,232.8,854.6,222.5609434411881,852.3998813353746,10.472764742558777
VSL00906_23082022083231.jpg,tailtop,1450.4,565.7,1459.8282753153048,576.7719646743499,14.542378662764744
VSL00906_23082022083231.jpg,tailbottom,1421.7,757.4,1442.782970184975,758.8645158449986,21.133774828004512
VSL01032_06032023172309.jpg,snout,312.5,725.9,313.4012120835323,731.4741828031838,5.646565074699381
VSL01032_06032023172309.jpg,caudalmid,1374.5,675.0,1397.1281457454597,672.7883970955654,22.735966381147534
VSL01032_06032023172309.jpg,dorsal,839.1,486.4,844.30952275053,488.31842169238826,5.551528535287903
VSL01032_06032023172309.jpg,pelvic,802.1,962.5,833.4176489647398,957.5026600348892,31.713854124113624
VSL01032_06032023172309.jpg,nape,418.1,663.3,423.36848441590655,651.5095520449936,12.914007550732016
VSL01032_06032023172309.jpg,jaw,429.0,899.1,443.2323536974318,899.3699044993677,14.234912722162342
VSL01032_06032023172309.jpg,tailtop,1362.1,604.8,1358.0936472466651,607.1427064885252,4.641027480583519
VSL01032_06032023172309.jpg,tailbottom,1359.8,733.8,1362.911731638807,731.8072119214175,3.6951425030832814
VSL01046_23082022151656.jpg,snout,438.5,681.9,438.8056815938746,693.2696878669249,11.373796350741156
VSL01046_23082022151656.jpg,caudalmid,1558.9,639.0,1553.0057054884887,640.5138388221549,6.085590831455578
VSL01046_23082022151656.jpg,dorsal,818.6,589.0,831.0750596066737,590.0300557070545,12.51751281004722
VSL01046_23082022151656.jpg,pelvic,897.6,779.4,913.2012306375709,774.0300563818641,16.499536110710462
VSL01046_23082022151656.jpg,nape,538.7,614.6,540.971187835044,621.8021436835907,7.551765874359202
VSL01046_23082022151656.jpg,jaw,541.9,742.9,547.6609595278476,747.143707405643,7.155257313766397
VSL01046_23082022151656.jpg,tailtop,1501.4,606.8,1494.1217950049868,603.8911312795908,7.837970731127506
VSL01046_23082022151656.jpg,tailbottom,1505.6,686.1,1509.2026324982335,686.4980957961775,3.624560825846735
VSL01195_24082022180558.jpg,snout,82.0,673.5,88.68482772340167,670.190265383771,7.459307268200172
VSL01195_24082022180558.jpg,caudalmid,1539.9,641.4,1528.306352331283,645.935149195338,12.449106172345193
VSL01195_24082022180558.jpg,dorsal,819.6,415.4,829.1230708994763,419.4009722934902,10.329407468472123
VSL01195_24082022180558.jpg,pelvic,784.5,917.6,770.0720645011738,921.0805773065822,14.841824050479216
VSL01195_24082022180558.jpg,nape,223.7,582.0,215.61646968760397,587.2651066823996,9.64701045342413
VSL01195_24082022180558.jpg,jaw,217.6,835.2,220.84904731588153,836.1109225730015,3.37432784341425
VSL01195_24082022180558.jpg,tailtop,1471.4,565.0,1466.0776828197722,562.5776581477508,5.8476320178433685
VSL01195_24082022180558.jpg,tailbottom,1471.1,714.7,1464.7364514939331,713.8373643731966,6.421751304254561
VSL01210_24082022183451.jpg,snout,72.5,791.4,74.70152733173768,788.4286207676464,3.6980828999429036
VSL01210_24082022183451.jpg,caudalmid,1391.4,780.4,1400.8166333462332,780.506564470274,9.417236301787998
VSL01210_24082022183451.jpg,dorsal,549.7,559.6,549.6743790646817,548.6843897604517,10.91564030801942
VSL01210_24082022183451.jpg,pelvic,679.3,835.8,690.2397845653777,826.056470739788,14.649752516049004
VSL01210_24082022183451.jpg,nape,307.0,633.1,292.0133408079755,637.2609516803309,15.553567842265016
VSL01210_24082022183451.jpg,jaw,318.8,818.2,304.1516872162515,830.5701253889129,19.172716801433108
VSL01210_24082022183451.jpg,tailtop,1363.2,720.2,1333.3234786987305,710.5214035347371,31.405123063007
VSL01210_24082022183451.jpg,tailbottom,1371.0,839.6,1322.1597062780502,833.8523796438903,49.17732638731285
VSL01266_24082022201241.jpg,snout,1856.7,652.4,1865.5682015926282,660.3701449482969,11.923431133040308
VSL01266_24082022201241.jpg,caudalmid,537.8,664.7,540.0160424252774,664.1628420154029,2.2802155010099514
VSL01266_24082022201241.jpg,dorsal,1058.3,497.8,1084.2843157179814,498.3316990164376,25.98975504262818
VSL01266_24082022201241.jpg,pelvic,1252.6,844.7,1284.645811040351,860.769205830326,35.84903598775379
VSL01266_24082022201241.jpg,nape,1756.3,613.6,1758.4444005438618,610.1992073685064,4.02042836211962
VSL01266_24082022201241.jpg,jaw,1774.5,776.7,1773.5017005433428,781.9089198117808,5.303720148228446
VSL01266_24082022201241.jpg,tailtop,683.2,562.1,685.9111177160385,565.4622958191403,4.319165711757955
VSL01266_24082022201241.jpg,tailbottom,690.3,748.5,697.8980936902633,746.8833391859325,7.768179961468509
VSL01726_26082022200625.jpg,snout,74.1,560.0,76.35348908444666,552.5042337465902,7.827178596370294
VSL01726_26082022200625.jpg,caudalmid,1503.1,802.5,1501.1343448720081,803.4181604614214,2.1695203882697176
VSL01726_26082022200625.jpg,dorsal,821.0,431.6,833.6949246994991,429.23713867738843,12.912948027303683
VSL01726_26082022200625.jpg,pelvic,638.3,874.7,668.9152210316759,877.8330123411224,30.775112106180792
VSL01726_26082022200625.jpg,nape,208.0,474.5,207.60058342142315,478.2102815285989,3.731718454640464
VSL01726_26082022200625.jpg,jaw,175.6,730.8,185.3157510148717,724.3306072991609,11.672568684769022
VSL01726_26082022200625.jpg,tailtop,1464.4,691.8,1467.3659547846369,690.9303096882068,3.090833062935742
VSL01726_26082022200625.jpg,tailbottom,1414.2,842.9,1412.597859159429,851.165655239618,8.419495935817691
VSL01940_27082022143502.jpg,snout,208.2,702.3,211.1988270536383,714.9630027928256,13.013247228449282
VSL01940_27082022143502.jpg,caudalmid,1613.1,733.8,1621.3959227217006,734.7949877015449,8.355377569604796
VSL01940_27082022143502.jpg,dorsal,694.1,596.3,751.8192453587308,594.3152321974881,57.753359971617655
VSL01940_27082022143502.jpg,pelvic,682.3,750.3,736.7401325956303,731.9311391205661,57.45557489955006
VSL01940_27082022143502.jpg,nape,365.9,603.7,409.6825985198325,585.7474021644866,47.32030961640594
VSL01940_27082022143502.jpg,jaw,389.5,775.8,434.2789751418095,786.141417150785,45.957605719155374
VSL01940_27082022143502.jpg,tailtop,1493.3,687.9,1570.1361311242936,703.2157538598403,78.34770808673893
VSL01940_27082022143502.jpg,tailbottom,1486.8,735.9,1565.2930888723822,749.0110924977012,79.58056136526668
VSL02031_27082022155830.jpg,snout,1692.1,974.3,1688.2909003724444,978.1914380387007,5.445413664882602
VSL02031_27082022155830.jpg,caudalmid,537.9,375.4,538.5180128381608,375.85620406948556,0.7681549460536892
VSL02031_27082022155830.jpg,dorsal,1282.7,426.2,1275.3449500875272,426.0356187541038,7.356886597533584
VSL02031_27082022155830.jpg,pelvic,1097.5,960.0,1105.6910575704374,953.2017403497762,10.644705650889573
VSL02031_27082022155830.jpg,nape,1630.4,815.6,1627.986623885784,820.5067927792134,5.468180652356785
VSL02031_27082022155830.jpg,jaw,1467.1,1079.6,1465.262798552818,1071.6065093748539,8.201902311770422
VSL02031_27082022155830.jpg,tailtop,651.1,336.2,652.2843584101252,337.7727097128518,1.9687866020807143
VSL02031_27082022155830.jpg,tailbottom,598.1,460.5,596.5387973379584,468.824511797633,8.469642874460368
VSL02074_27082022161853.jpg,snout,182.3,628.4,183.7409709362273,629.6008782893023,1.8757680839510504
VSL02074_27082022161853.jpg,caudalmid,1578.9,813.0,1563.4693389243266,811.6207685614272,15.492178045499344
VSL02074_27082022161853.jpg,dorsal,912.3,516.5,899.4332171500996,519.1924411467544,13.145468429661447
VSL02074_27082022161853.jpg,pelvic,751.9,940.7,737.9473422436004,944.1718071857467,14.378111962362121
VSL02074_27082022161853.jpg,nape,314.8,577.6,315.43395874348107,571.9875472603098,5.648143893677987
VSL02074_27082022161853.jpg,jaw,290.9,795.5,287.9688486139826,799.8107486855506,5.21288813209415
VSL02074_27082022161853.jpg,tailtop,1512.7,719.1,1513.4190904333236,722.3461574261473,3.3248502352179394
VSL02074_27082022161853.jpg,tailbottom,1483.6,861.0,1484.2175828649642,864.9213725092955,3.969706658149398
VSL02144_27082022163801.jpg,snout,269.1,665.8,259.7026013313455,664.6675325063989,9.465388759142087
VSL02144_27082022163801.jpg,caudalmid,1584.2,721.0,1585.7496058687248,717.0078015787794,4.282397293897664
VSL02144_27082022163801.jpg,dorsal,1215.9,504.0,1239.3801668857004,510.70484085587213,24.41870446774174
VSL02144_27082022163801.jpg,pelvic,1074.0,693.4,1014.6311901985327,697.7797094711236,59.53013885666859
VSL02144_27082022163801.jpg,nape,375.7,578.0,351.5256617931609,582.7227913455235,24.631349655104
VSL02144_27082022163801.jpg,jaw,407.0,691.4,361.95114825634255,695.0266687603935,45.19459889986461
VSL02144_27082022163801.jpg,tailtop,1538.9,609.0,1513.6692777593084,601.9789386334432,26.189399525378352
VSL02144_27082022163801.jpg,tailbottom,1492.6,783.0,1480.676610419091,781.8340387191356,11.980262301243696
VSL04766_10102022170431.jpg,snout,181.4,582.7,185.03477218303283,585.1699498570524,4.394567227714489
VSL04766_10102022170431.jpg,caudalmid,1467.4,725.3,1445.1257624524706,724.8196555133909,22.27941626590765
VSL04766_10102022170431.jpg,dorsal,738.2,501.6,693.9637813162299,506.45569206095706,44.501918934234496
VSL04766_10102022170431.jpg,pelvic,742.7,742.4,743.2672216537153,760.1094392397044,17.71852077881299
VSL04766_10102022170431.jpg,nape,391.3,463.1,377.1522095862856,458.3506451112753,14.923684044144148
VSL04766_10102022170431.jpg,jaw,382.5,726.2,369.43602054677103,736.3969586781623,16.572432695248345
VSL04766_10102022170431.jpg,tailtop,1500.2,642.6,1461.9022125893453,636.7924907206825,38.73561261398957
VSL04766_10102022170431.jpg,tailbottom,1459.5,804.4,1434.8479940536172,800.5795413590968,24.946288329275472
VSL04844_10102022194958.jpg,snout,1757.0,710.0,1752.3242463456822,727.9902945548029,18.58798995062229
VSL04844_10102022194958.jpg,caudalmid,537.8,695.4,514.5782004011439,689.2703109106847,24.01718270199694
VSL04844_10102022194958.jpg,dorsal,1309.4,619.5,1300.0180264736746,586.1529912633287,34.641657277507775
VSL04844_10102022194958.jpg,pelvic,1242.1,792.6,1261.3139659800427,790.5694934083149,19.32095871588978
VSL04844_10102022194958.jpg,nape,1609.1,583.9,1621.5075229076629,596.053644194667,17.3682955961356
VSL04844_10102022194958.jpg,jaw,1603.2,825.0,1605.766823951234,822.3229115706472,3.708825643677975
VSL04844_10102022194958.jpg,tailtop,527.8,624.8,538.5173533825164,618.7503859455965,12.306888060471357
VSL04844_10102022194958.jpg,tailbottom,539.7,751.0,539.8297208420772,755.781675389303,4.783434647357
VSL04846_10102022195032.jpg,snout,1833.0,708.9,1824.2312898027135,727.1879971336039,20.28154623500635
VSL04846_10102022195032.jpg,caudalmid,581.7,726.5,565.6224514575715,730.3146359642433,16.523892237419247
VSL04846_10102022195032.jpg,dorsal,1356.7,624.2,1376.3497129399725,594.2041215734953,35.858945065366534
VSL04846_10102022195032.jpg,pelvic,1296.7,808.6,1341.633330000208,801.0064241379232,45.57045686934352
VSL04846_10102022195032.jpg,nape,1658.4,581.0,1684.4429259604594,590.1972766915733,27.619266665198126
VSL04846_10102022195032.jpg,jaw,1676.7,825.0,1677.6314593376,815.9309726946854,9.116735861159132
VSL04846_10102022195032.jpg,tailtop,566.5,658.3,587.9770847077066,651.2650279378786,22.59991149223448
VSL04846_10102022195032.jpg,tailbottom,589.6,788.0,587.2980990308395,798.1583187516244,10.415862322987284
VSL04954_11102022114320.jpg,snout,368.4,261.8,354.10174917667473,256.28108998860375,15.326393715437789
VSL04954_11102022114320.jpg,caudalmid,1437.2,818.6,1456.9905869504237,829.046063042379,22.3782833329019
VSL04954_11102022114320.jpg,dorsal,1026.7,399.4,1014.3238838682782,388.07029927548547,16.77886673804072
VSL04954_11102022114320.jpg,pelvic,740.6,671.9,745.0575930006962,677.3511987691081,7.041711679711251
VSL04954_11102022114320.jpg,nape,504.2,247.8,486.8834475253491,239.36855943181695,19.260118890135168
VSL04954_11102022114320.jpg,jaw,413.6,460.2,392.6397283026513,424.89151235610007,41.061201752093325
VSL04954_11102022114320.jpg,tailtop,1422.0,718.1,1439.2529548482694,732.7518036022248,22.634924338167945
VSL04954_11102022114320.jpg,tailbottom,1355.7,848.8,1381.9608688354492,867.0317679397494,31.96921322462508
VSL04967_11102022115018.jpg,snout,191.1,742.3,180.4033137382346,728.9072347270057,17.14016507038833
VSL04967_11102022115018.jpg,caudalmid,1503.0,716.8,1523.5519814998543,713.7618777730631,20.77532503322534
VSL04967_11102022115018.jpg,dorsal,792.2,525.2,794.8319861229431,524.5556228011183,2.7097182373456716
VSL04967_11102022115018.jpg,pelvic,884.0,814.8,872.1955684905356,809.0699673515878,13.121656809012526
VSL04967_11102022115018.jpg,nape,290.1,594.3,281.5598021162318,596.0673690310546,8.721156642662129
VSL04967_11102022115018.jpg,jaw,290.5,763.9,282.04871238546184,764.6194608439027,8.481856297388878
VSL04967_11102022115018.jpg,tailtop,1427.2,626.0,1444.9388828683404,628.3973312395892,17.9001442030228
VSL04967_11102022115018.jpg,tailbottom,1425.5,773.8,1437.8517637861537,781.468715868225,14.538750692425548
VSL05059_12102022110411.jpg,snout,212.8,492.9,208.41298204787245,507.06907114599426,14.832683629489884
VSL05059_12102022110411.jpg,caudalmid,1401.4,880.3,1424.5459779779962,895.599207537648,27.745306771378644
VSL05059_12102022110411.jpg,dorsal,714.4,380.8,743.6625906761658,385.0696060022874,29.572432238414123
VSL05059_12102022110411.jpg,pelvic,614.0,850.1,772.8847950062852,876.903558347507,161.1297887551445
VSL05059_12102022110411.jpg,nape,428.0,426.6,404.42090338849016,424.4554460470431,23.676420943040736
VSL05059_12102022110411.jpg,jaw,357.3,707.4,357.36138769920854,703.2080840983294,4.19236536770025
VSL05059_12102022110411.jpg,tailtop,1377.9,779.4,1422.6264547794426,804.2985683485331,51.18978865891215
VSL05059_12102022110411.jpg,tailbottom,1333.0,942.9,1363.693947487689,964.2916099869512,37.412823873784816
VSL05175_12102022174019.jpg,snout,92.8,535.9,97.38056203152269,540.8958478641161,6.777908556923838
VSL05175_12102022174019.jpg,caudalmid,1482.4,799.0,1521.2217696169591,825.5290737180039,47.02043756205945
VSL05175_12102022174019.jpg,dorsal,568.0,294.6,604.4867089454162,289.364404429748,36.860431232457934
VSL05175_12102022174019.jpg,pelvic,577.7,849.7,609.9926563019449,853.4944370373019,32.51481821363275
VSL05175_12102022174019.jpg,nape,273.2,418.3,286.0618043453135,406.9636466603597,17.144646921365833
VSL05175_12102022174019.jpg,jaw,258.8,724.3,273.44687441562087,734.8440338080482,18.047370420430568
VSL05175_12102022174019.jpg,tailtop,1440.6,670.1,1493.6386676544835,690.2819120867975,56.7486549800256
VSL05175_12102022174019.jpg,tailbottom,1402.7,887.9,1434.824152195707,918.0443609274389,44.05273714556965
VSL05184_12102022180726.jpg,snout,232.5,529.5,226.91340142108038,536.8462137863971,9.229135424157453
VSL05184_12102022180726.jpg,caudalmid,1462.9,769.2,1471.3334428503158,772.4845994374318,9.050500084189734
VSL05184_12102022180726.jpg,dorsal,888.8,407.6,880.4795488398127,416.6988951296412,12.329630979444191
VSL05184_12102022180726.jpg,pelvic,765.9,892.8,757.934529730614,900.8638933073462,11.334685345643027
VSL05184_12102022180726.jpg,nape,345.1,485.1,360.6623182905482,469.89070956555315,21.760245083539118
VSL05184_12102022180726.jpg,jaw,330.9,702.1,335.22092535140655,710.5381559085636,9.480130327672393
VSL05184_12102022180726.jpg,tailtop,1445.0,688.7,1443.9540619545796,684.0940292341902,4.723235447270515
VSL05184_12102022180726.jpg,tailbottom,1403.5,813.7,1409.3404526406148,816.139872777941,6.329602374541524
VSL05339_13102022105102.jpg,snout,1766.4,749.8,1756.6167953166555,738.0231499542879,15.31030015628055
VSL05339_13102022105102.jpg,caudalmid,511.0,728.9,513.559544340093,729.48468703444,2.625476367660604
VSL05339_13102022105102.jpg,dorsal,1317.0,614.1,1343.7112240081142,593.1831350313232,33.92646058947963
VSL05339_13102022105102.jpg,pelvic,1234.0,810.8,1292.4958695756627,802.7238452088623,59.050749644889
VSL05339_13102022105102.jpg,nape,1627.1,607.1,1617.8048316468585,604.646501870493,9.61352213211872
VSL05339_13102022105102.jpg,jaw,1608.2,847.0,1599.8773777738534,835.1511932050012,14.479649967604924
VSL05339_13102022105102.jpg,tailtop,547.7,677.9,534.5763957246822,668.8950848675863,15.915950669599104
VSL05339_13102022105102.jpg,tailbottom,549.5,781.7,540.1311935262477,779.1540625785874,9.70857003355143
VSL05568_14102022144624.jpg,snout,128.8,743.7,126.0555703589257,751.1691211838543,7.95736547570281
VSL05568_14102022144624.jpg,caudalmid,1581.8,558.2,1602.2100245698966,550.3299572761834,21.87479543718031
VSL05568_14102022144624.jpg,dorsal,771.7,394.2,754.6938632396941,404.4088087339351,19.835031214401912
VSL05568_14102022144624.jpg,pelvic,790.0,888.4,794.342670034855,891.0173323782428,5.070425209962775
VSL05568_14102022144624.jpg,nape,224.2,645.7,223.506602835148,640.4574257078848,5.288230785108808
VSL05568_14102022144624.jpg,jaw,257.8,882.2,265.05560570574835,892.5054679471732,12.603431428285756
VSL05568_14102022144624.jpg,tailtop,1514.0,465.2,1519.7963308780754,456.7616925456432,10.237308452048515
VSL05568_14102022144624.jpg,tailbottom,1519.3,624.6,1527.614634087745,630.817040078342,10.381942368786294
VSL05581_14102022150305.jpg,snout,215.4,536.8,217.0488580744318,544.8179216977605,8.185707135064073
VSL05581_14102022150305.jpg,caudalmid,1479.5,897.1,1476.0598121805392,890.098172011918,7.801313184833384
VSL05581_14102022150305.jpg,dorsal,648.7,514.0,649.6285783483627,507.21509936844404,6.848148240884998
VSL05581_14102022150305.jpg,pelvic,776.7,800.2,737.2780454919694,783.351642319134,42.871408348404394
VSL05581_14102022150305.jpg,nape,344.5,494.3,337.04984948990204,493.9591276119463,7.457944529697862
VSL05581_14102022150305.jpg,jaw,313.8,637.4,311.96887442406205,636.7287105986452,1.9502949354457626
VSL05581_14102022150305.jpg,tailtop,1435.0,815.0,1422.7483018915705,813.4017679185736,12.35550291676533
VSL05581_14102022150305.jpg,tailbottom,1387.7,917.2,1385.5066096529044,906.0169638634788,11.39610716189836
VSL05693_17102022114816.jpg,snout,126.0,678.5,126.3315018187177,680.176799460447,1.70925419009827
VSL05693_17102022114816.jpg,caudalmid,1534.4,736.1,1554.0354708407785,740.8444111752988,20.200523570921636
VSL05693_17102022114816.jpg,dorsal,816.2,530.6,810.3931102346869,523.8526286079014,8.902077816409498
VSL05693_17102022114816.jpg,pelvic,878.2,890.7,883.7423324584961,890.9553687786683,5.54821253140301
VSL05693_17102022114816.jpg,nape,236.5,605.8,247.42810269619554,604.5062259691767,11.004420919858925
VSL05693_17102022114816.jpg,jaw,235.5,770.9,241.27654826387447,775.4497696046851,7.353156689516957
VSL05693_17102022114816.jpg,tailtop,1457.3,654.5,1464.5998934482004,654.9845595168881,7.315958056227967
VSL05693_17102022114816.jpg,tailbottom,1462.6,815.7,1465.4515043218084,824.4329033294425,9.186657578177183
VSL05796_17102022180002.jpg,snout,194.6,811.8,201.61495817468517,804.2238890917174,10.325071171046723
VSL05796_17102022180002.jpg,caudalmid,672.5,600.5,1415.795407396682,676.0373484387196,747.1237873780703
VSL05796_17102022180002.jpg,dorsal,1444.9,665.6,653.5699925524125,613.8761515875476,793.0186234771497
VSL05796_17102022180002.jpg,pelvic,800.2,806.0,762.6909296563331,808.1939998527191,37.573181837580485
VSL05796_17102022180002.jpg,nape,307.8,699.8,295.1266309048267,702.936614908012,13.05575111985738
VSL05796_17102022180002.jpg,jaw,347.2,857.3,320.9341231812823,849.7574466590636,27.32739277642347
VSL05796_17102022180002.jpg,tailtop,1335.2,618.2,1336.8124048760596,626.480193615625,8.435724971606012
VSL05796_17102022180002.jpg,tailbottom,1335.3,720.0,1349.2284328379528,720.5574883074896,13.939585163639249
VSL05812_18102022113917.jpg,snout,190.4,314.3,201.46886338578884,298.0050971971025,19.69882214776138
VSL05812_18102022113917.jpg,caudalmid,1502.7,754.8,1525.164502732297,768.6400305622128,26.38560836843381
VSL05812_18102022113917.jpg,dorsal,853.0,319.5,853.5059868021217,321.6251369488559,2.18454336082258
VSL05812_18102022113917.jpg,pelvic,741.2,667.3,710.062818324312,662.9803868098452,31.435380398801595
VSL05812_18102022113917.jpg,nape,338.7,262.9,341.6279934822246,261.3066003006618,3.3334769286438615
VSL05812_18102022113917.jpg,jaw,297.1,469.6,279.60137103466286,461.88176294369623,19.12519801005568
VSL05812_18102022113917.jpg,tailtop,1424.4,635.3,1445.881295711436,649.228706256753,25.601853906095645
VSL05812_18102022113917.jpg,tailbottom,1368.0,783.9,1394.1291443845057,797.5314166660287,29.471133445954052
VSL05841_18102022115327.jpg,snout,1899.5,541.2,1904.1583284418634,542.8204534137622,4.932128661992412
VSL05841_18102022115327.jpg,caudalmid,459.4,702.5,488.30239316250436,694.5818225927651,29.967413368064072
VSL05841_18102022115327.jpg,dorsal,1137.5,400.4,1110.4299058305455,402.2583488913788,27.133806569392767
VSL05841_18102022115327.jpg,pelvic,1299.7,836.8,1312.111225533993,842.593283900459,13.696738940600397
VSL05841_18102022115327.jpg,nape,1768.3,470.6,1766.6912484676277,466.73258434555373,4.188673457929885
VSL05841_18102022115327.jpg,jaw,1789.3,704.1,1793.2596003755607,711.7816664524644,8.642131370273022
VSL05841_18102022115327.jpg,tailtop,522.4,601.1,541.8271612613757,597.6576335295767,19.72978665855751
VSL05841_18102022115327.jpg,tailbottom,560.3,752.7,579.0425260016259,750.7127703739598,18.847582404866596
